"","Indice","g","SE","LLCI","ULCI","Q","p","I2"
"1","RT",-0.947372648080091,0.105859057309687,-1.15485258784444,-0.739892708315743,375.489945710742,3.57493157627799e-19,93.3217547351261
"2","eta",-1.69993799928913,0.248255191587405,-2.18650923377553,-1.21336676480272,680.1990529544,7.51293257463032e-12,98.0823914454224
"3","eaDDM v",1.05657488281478,0.132399199943331,0.797077219343936,1.31607254628563,557.089951746012,1.46071453898207e-15,95.6840227687401
"4","eaDDM z",0.404084682447583,0.0809284865697899,0.245467763447461,0.562701601447704,420.049268748858,5.94152771582938e-07,92.5067178633612
"5","rwDDM v",0.727829642010126,0.0973669293225441,0.536993967252683,0.918665316767569,378.226120996978,7.71324636725384e-14,94.0431563779717
"6","rwDDM z",0.0633309511230121,0.101094976546566,-0.134811561926179,0.261473464172204,482.76381114763,0.53101980283261,95.8199482278803
