"","Indice","g","SE","LLCI","ULCI"
"1","RT",-0.609397849005503,0.0943285581319101,-0.79427842565764,-0.424517272353367
"2","ACC",0.844064654135679,0.16044159052079,0.529604915092608,1.15852439317875
"3","d",0.379604953239761,0.0750840767846192,0.232442866929468,0.526767039550055
"4","eta",-0.980538643949966,0.185259814512322,-1.34364120817669,-0.617436079723244
"5","v",0.680478289932892,0.113180214216419,0.458649146306183,0.902307433559602
"6","z",0.232472188311283,0.0842872641878164,0.06727218614775,0.397672190474816
