"","Indice","g","SE","LLCI","ULCI","Q","p","I2"
"1","RT",-0.938839033420978,0.0988374701997685,-1.13255691533558,-0.745121151506381,391.219655115148,2.12288370003924e-21,92.8470022478046
"2","ACC",1.41840934136407,0.21311905841924,1.00070366244327,1.83611502028487,667.53468382324,2.82379562951496e-11,97.600114308557
"3","d",0.660225092834248,0.0892975114582857,0.485205186466955,0.835244999201541,381.706509225516,1.42965956782715e-13,93.0942882877666
"4","eta",-1.69179110746741,0.233150507954111,-2.14875770603468,-1.23482450890013,702.006049678528,3.98060893842132e-13,97.8891486424998
"5","eaDDM v",1.04575595023086,0.123644548001344,0.80341708926349,1.28809481119823,580.120973338728,2.72561628497627e-17,95.3565935166535
"6","eaDDM z",0.409169895470723,0.0741252097705964,0.263887153973878,0.554452636967569,422.771377618993,3.39032521394786e-08,91.7139468452878
"7","rwDDM v",0.704767565755627,0.0920656273668981,0.524322251902422,0.885212879608832,400.502130518747,1.93227489790331e-14,93.8587994750047
"8","rwDDM z",0.0511062186478993,0.0946805860758176,-0.134464320095848,0.236676757391646,531.7504424394,0.589352171357223,95.6187930493889
