"","Indice","g","SE","LLCI","ULCI"
"1","RT",-0.466779031168513,0.0850482745752985,-0.633470586283372,-0.300087476053654
"2","ACC",0.72525045814587,0.156177159998671,0.419148849340726,1.03135206695101
"3","d",0.436120684344209,0.0787636800990588,0.281746708060219,0.590494660628198
"4","eta",-0.878242377057466,0.193220001612318,-1.25694662131038,-0.499538132804551
"5","v",0.540060920838423,0.111643739557947,0.321243212205477,0.758878629471368
"6","z",-0.146356506390866,0.0915083289365076,-0.325709535391865,0.0329965226101334
