"","Indice","g","SE","LLCI","ULCI"
"1","RT",-0.598981033703566,0.0827302125337372,-0.761129270703035,-0.436832796704097
"2","ACC",0.714701545769136,0.128142766523491,0.463546338503769,0.965856753034502
"3","d",0.471666626748468,0.0713598225457213,0.331803944615685,0.611529308881252
"4","eta",-0.905371681375798,0.138532516644259,-1.17689042468624,-0.633852938065355
"5","ezDDM v",0.637931975012384,0.0869711645185391,0.46747162486254,0.808392325162229
"6","ezDDM z",0.124099229245719,0.0637711113703126,-0.000889852294186713,0.249088310785624
"7","rwDDM v",0.49802577378202,0.0674255286927368,0.365874165905684,0.630177381658356
"8","rwDDM z",-0.0735265467407621,0.0698953468879607,-0.210518909328099,0.0634658158465745
