"","Indice","g","SE","LLCI","ULCI"
"1","RT",-0.466779031168513,0.0850482745752985,-0.633470586283372,-0.300087476053654
"2","ACC",0.72525045814587,0.156177159998671,0.419148849340726,1.03135206695101
"3","d",0.436120684344209,0.0787636800990588,0.281746708060219,0.590494660628198
"4","eta",-0.878242377057466,0.193220001612318,-1.25694662131038,-0.499538132804551
"5","ezDDM v",0.64016326982857,0.112552160094673,0.419565089660825,0.860761449996315
"6","ezDDM z",0.0671825033967363,0.110332088538682,-0.149064416478164,0.283429423271637
"7","rwDDM v",0.537990832948895,0.112623752828009,0.317252333602256,0.758729332295534
"8","rwDDM z",-0.101762283088308,0.0982198097144446,-0.294269572696997,0.0907450065203809
