"","Indice","g","SE","LLCI","ULCI"
"1","RT",-0.920868833609176,0.105685272710625,-1.1280081618183,-0.713729505400056
"2","ACC",1.41461568855986,0.229388960400182,0.965021587724415,1.8642097893953
"3","d",0.6459972463569,0.0958996581297836,0.45803737029282,0.833957122420979
"4","eta",-1.65273088417146,0.24419769444551,-2.13134957039237,-1.17411219795054
"5","ezDDM v",1.02946401158116,0.130780088368684,0.773139748483576,1.28578827467875
"6","z",0.393351168737472,0.078976986700774,0.238559119196456,0.548143218278488
"7","ezDDM v",0.712852208991521,0.0952223304947597,0.526219870697823,0.89948454728522
"8","rwDDM z",0.0558893668917414,0.0979843008971274,-0.136156333916964,0.247935067700447
