"","Indice","g","SE","LLCI","ULCI","Q","p","I2"
"1","RT",-0.598981033703566,0.0827302125337372,-0.761129270703035,-0.436832796704097,350.398647091047,4.48113460142364e-13,92.9748033826849
