"","Indice","g","SE","LLCI","ULCI"
"1","RT",-0.587382507795463,0.0981028869632048,-0.779660633022748,-0.395104382568177
"2","ACC",0.777801985438774,0.153338668968886,0.477263716822449,1.0783402540551
"3","d",0.352408577876833,0.0739756686439135,0.207418931602494,0.497398224151172
"4","eta",-0.924895697989462,0.186677405907548,-1.29077669029562,-0.559014705683303
"5","v",0.439042639717515,0.0790427948243141,0.28412160862447,0.593963670810559
"6","z",0.0752862258681947,0.0840552834881177,-0.0894591024788204,0.24003155421521
