"","Indice","g","SE","LLCI","ULCI"
"1","RT",-0.587382507795463,0.0981028869632048,-0.779660633022748,-0.395104382568177
"2","ACC",0.777801985438774,0.153338668968886,0.477263716822449,1.0783402540551
"3","d",0.352408577876833,0.0739756686439135,0.207418931602494,0.497398224151172
"4","eta",-0.924895697989462,0.186677405907548,-1.29077669029562,-0.559014705683303
"5","ezDDM v",0.644488507648208,0.114045652173961,0.420963136793862,0.868013878502553
"6","z",0.214188510917035,0.0882781055172625,0.0411666034797736,0.387210418354296
"7","ezDDM v",0.434762596042323,0.0788125465755601,0.28029284322434,0.589232348860306
"8","rwDDM z",0.143603644684275,0.109697351163444,-0.071399212795518,0.358606502164067
