"","ICC.a","ICC.c","ICCk.a","ICCk.c","sigma2_b","sigma2_w","sigma2_rep","var.data","error.message"
"RT",0.535317460854958,0.535317460854958,0.873610361814405,0.873610361814405,1046.81818141273,908.690947209474,0,1928.9400615989,0
"ACC",0.261363116519603,0.261363116519603,0.679802369529462,0.679802369529462,0.000932099245338557,0.00263420061269305,0,0.00354263656983325,0
"d",0.0999644993465759,0.0999644993465759,0.399905320386909,0.399905320386909,0.0395743477306241,0.356309670989065,0,0.394879593906154,0
"η",0.526072881714484,0.526072881714484,0.869454670399912,0.869454670399912,3255.57945918916,2932.877639339,0,6105.81740649435,0
"v.hausekeep.",0.167320330574317,0.167320330574317,0.546619340060071,0.546619340060071,0.000742848163623161,0.00369682847981508,0,0.00442082335845767,0
"z.hausekeep.",0.0924053930733717,0.0937139813316836,0.379221704916441,0.382878530630879,6.43231500132772e-06,6.22054155691163e-05,9.72005261969272e-07,6.92886017535764e-05,0
"v.RWiener.",0.0570772051173757,0.0579418534218897,0.266428313274911,0.269557744056929,0.105137918011455,1.70940393390202,0.0274880406722839,1.83489658514075,0
"z.RWiener.",0.168983438264086,0.171492313341863,0.54956430259011,0.553957023118425,0.00327376232076088,0.0158160864133615,0.000283424495439145,0.0192441505665795,0
