Indice,ICC,ICCk,sigma2_b,sigma2_w,var.data,error.message
RT,0.535317449,0.873610357,0.542690859,0.471083043,1,0
ACC,0.261360905,0.679799876,0.263106228,0.743571601,1,0
d Prime,0.099964477,0.39990526,0.100218748,0.902324866,1,0
Efficiency,0.526071722,0.869454142,0.533190928,0.48034184,1,0
ezDDM v,0.167320638,0.546619886,0.168034231,0.836230597,1,0
ezDDM z,0.090288949,0.37323756,0.090496331,0.911800531,1,0
rwDDM v,0.05472616,0.257811729,0.05480228,0.946588641,1,0
rwDDM z,0.166952556,0.545964496,0.167663007,0.836592399,1,0
