"Indice","ICC.a","ICC.c","Target","Paper_ID"
"RT",0.587727251469112,0.599661119443348,"Stranger","P0E1"
"ACC",0.0813630117275728,0.0845825450449958,"Stranger","P0E1"
"d",0.176618245626573,0.176618245626573,"Stranger","P0E1"
"η",0.347360949010303,0.369878188784534,"Stranger","P0E1"
"v.hausekeep.",0.17786227170827,0.185149720054971,"Stranger","P0E1"
"z.hausekeep.",0,0,"Stranger","P0E1"
"v.RWiener.",0.0877148926558182,0.0877148927545436,"Stranger","P0E1"
"z.RWiener.",0.0474681153638146,0.0474681153638146,"Stranger","P0E1"
