"","ICC.a","ICC.c","ICCk.a","ICCk.c","sigma2_b","sigma2_w","sigma2_rep","var.data","error.message"
"RT",0.587727251469112,0.599661119443348,0.895326016013284,0.899872865937178,1336.28922717833,892.118091306449,45.2480613501287,2232.38984097569,0
"ACC",0.0813630117202567,0.0845825450379609,0.347009414874268,0.356659450185232,0.000386936037476179,0.00418771984811489,0.00018101907401524,0.00471644998213011,0
"d",0.176618245841174,0.176618245841174,0.562749939361112,0.562749939361112,0.0732502359381255,0.34148741242464,0,0.41287850512009,0
"η",0.347360949025575,0.369878188798293,0.761532476097804,0.778857368614001,2601.18415576887,4431.3585421932,455.875798894803,7348.34773545708,0
"v.hausekeep.",0.177862271707206,0.185149720055276,0.564847940717488,0.576865703120449,0.0010091372569088,0.00444124774290393,0.000223315483278054,0.00561181303696867,0
"z.hausekeep.",0,0,0,0,0,6.85997329257037e-05,9.84176722496292e-20,6.85997329257037e-05,0
"v.RWiener.",0.0877148926558182,0.0877148927545436,0.365840885799741,0.365840886085971,0.183351048698837,1.90695588711326,2.35269538334174e-09,2.08565291629493,0
"z.RWiener.",0.0474681153595378,0.0474681153595378,0.230178091220712,0.230178091220712,0.000907250514413317,0.0182055899162953,0,0.0190898137722402,0
