"Target","Indice","r","LLCI","ULCI","Paper_ID"
"Stranger","RT",0.0294812354125398,-0.0660015557567298,0.12928816808591,"Ps1E1"
"Stranger","ACC",0.189383365140961,0.0983961598772926,0.282268589538471,"Ps1E1"
"Stranger","d Prime",0.328331933753012,0.23748959687395,0.421689402289215,"Ps1E1"
"Stranger","Efficiency",0.172893825242233,0.0667599670243934,0.275927996333317,"Ps1E1"
"Stranger","ezDDM v",0.15203090969411,0.0383735897709058,0.263191413794925,"Ps1E1"
"Stranger","ezDDM z",0.139577943423275,0.0361736765417635,0.242991059952096,"Ps1E1"
"Stranger","rwDDM v",0.0732034576430816,-0.0621313372472989,0.209294457257099,"Ps1E1"
"Stranger","rwDDM z",0.0998896424460909,-0.0181334444983616,0.216927812101603,"Ps1E1"
