"Target","Indice","r","LLCI","ULCI","Paper_ID"
"Stranger","RT",-0.00537274711630788,-0.103089164629557,0.0986912034907688,"Ps1E1"
"Stranger","ACC",0.222957534784928,0.123746802286528,0.325751985943669,"Ps1E1"
"Stranger","d Prime",0.32837753046012,0.238352964916626,0.417521226851456,"Ps1E1"
"Stranger","Efficiency",0.173914193446208,0.0725253153081486,0.28111034492638,"Ps1E1"
"Stranger","ezDDM v",0.150211595466571,0.0317759311587267,0.264611865132044,"Ps1E1"
"Stranger","ezDDM z",0.13950209549731,0.0295889575788337,0.245849545207325,"Ps1E1"
"Stranger","rwDDM v",0.065755666163876,-0.0707800098307708,0.202398171691396,"Ps1E1"
"Stranger","rwDDM z",0.126967121404946,0.012959991359091,0.240081660387881,"Ps1E1"
