"Target","Indice","r","LLCI","ULCI","Paper_ID"
"Stranger","RT",0.535806031241938,0.430130181149184,0.635443034712856,"P46E2"
"Stranger","ACC",0.436547699364853,0.317378770295218,0.549229294952134,"P46E2"
"Stranger","d Prime",0.206903611795157,0.0804983567624327,0.33713547565181,"P46E2"
"Stranger","Efficiency",0.432563646106288,0.290508486696355,0.557841689825965,"P46E2"
"Stranger","ezDDM v",0.370781583703663,0.23183274044901,0.497168801532703,"P46E2"
"Stranger","ezDDM z",0.137005827133167,0.00632767243194444,0.275045952467316,"P46E2"
"Stranger","rwDDM v",0.177364615581678,0.0227954671558907,0.325996487745829,"P46E2"
"Stranger","rwDDM z",0.158658911445991,0.0128609113393364,0.308705742337439,"P46E2"
